Workbook

Sheet Brechas
A1: Brechas de investigación → responsable → ítems del backlog
A2: Muestra cómo cada integrante aborda su brecha en cada sprint. Proyecto: plataforma de generación asistida de contenido educativo y evaluaciones. Dedicación comprometida: 10 horas semanales por integrante.
A4: Brecha | B4: Responsable | C4: De qué trata | D4: Cómo se aborda en el sistema | E4: Sprint 1 (MVP) | F4: Sprint 2 (Final) | G4: Métrica que la evidencia | H4: SP asociados | I4: Fuente
A5: B1 Anclaje y alucinación | B5: Yan Liu Dai | C5: La generación por inyección de prompts depende de la memoria del modelo: el contenido no es trazable al material del docente y puede introducir errores en el curso. | D5: Canal RAG sobre base vectorial: segmentación con metadatos, recuperación híbrida, citación obligatoria por afirmación y verificación automática de anclaje que rechaza lo no respaldado. | E5: EN-003 Contratos SP-002 Modelo de embeddings HU-004 Vectorización HU-005 Recuperación híbrida HU-006 Generación anclada HU-007 Verificación de anclaje | F5: EN-005 Conjunto de evaluación HU-016 Reindexación de lo aprobado | G5: recall@10 ≥ 0,80 (I20); tasa de alucinación ≤ 3 % (I21); trazabilidad ≥ 95 % (I22). | H5: =SUMIFS('Sprint Backlog'!$J:$J,'Sprint Backlog'!$L:$L,A5) -> 31 | I5: Lewis et al. (2020), RAG, NeurIPS 33 · Ji et al. (2023), ACM Computing Surveys 55(12)
A6: B2 Secuencia pedagógica 5E | B6: Juan Alegria | C6: Las herramientas de IA generan recursos sueltos, sin un modelo instruccional que ordene la progresión del aprendizaje ni intención pedagógica verificable por etapa. | D6: Orquestador que planifica las cinco etapas del modelo 5E por unidad, con rúbrica de validación por etapa y cobertura de los resultados de aprendizaje declarados. | E6: — | F6: HU-011 Etapa Explain HU-012 Etapa Engage HU-013 Etapa Explore HU-014 Plan de secuencia 5E HU-017 Etapa Elaborate | G6: Cobertura de las cinco etapas por unidad = 100 % (I23); plausibilidad media ≥ 2,3 y κ ≥ 0,41 (I4). | H6: =SUMIFS('Sprint Backlog'!$J:$J,'Sprint Backlog'!$L:$L,A6) -> 23 | I6: Bybee et al. (2006), BSCS 5E · Polanin et al. (2024), AERA Open, 10
A7: B3 Plausibilidad de distractores | B7: Silvana Diaz | C7: En bancos manuales solo la mitad de los distractores funciona, y los modelos generales producen alternativas absurdas o que también son correctas. | D7: Distractores recuperados por vecindad vectorial dentro del corpus, diversificación por relevancia marginal, filtro de fiabilidad y revisión docente registrada. | E7: HU-008 Ítem con clave y retroalimentación HU-009 Distractores por vecindad HU-010 Panel de revisión docente | F7: EN-006 Registro de decisiones HU-015 Filtro de fiabilidad HU-020 Analítica de ítems | G7: NDR ≤ 10 % (I3); aceptación directa ≥ 50 % (I2); eficiencia de distractores ≥ 65 % (I9); r-pb ≥ 0,20 (I10). | H7: =SUMIFS('Sprint Backlog'!$J:$J,'Sprint Backlog'!$L:$L,A7) -> 25 | I7: Bitew et al. (2023) · Testa et al. (2018), Frontiers in Psychology, 9
A8: B4 Interoperabilidad de formatos | B8: Sergio Celi | C8: El sistema vive entre formatos ajenos: debe leer PDF, PPTX y texto sin perder la referencia de origen, y devolver paquetes que otras plataformas sepan importar. Hoy el docente copia y pega pregunta por pregunta. | D8: Extracción estructurada de los documentos del docente en la entrada, y exportación a QTI 3.0 con empaquetado SCORM o Common Cartridge en la salida, con validación de conformidad y pruebas reales de importación. | E8: SP-001 Selección de los LMS objetivo HU-002 Ingesta de documentos HU-003 Segmentación y metadatos | F8: HU-018 Exportador QTI HU-019 Empaquetado SCORM/CC TA-002 Pruebas de importación | G8: Paquetes válidos = 100 % (I16); importación exitosa ≥ 95 % (I17); portabilidad en ≥ 2 LMS (I18); fidelidad = 100 % (I19); cobertura de extracción por formato. | H8: =SUMIFS('Sprint Backlog'!$J:$J,'Sprint Backlog'!$L:$L,A8) -> 21 | I8: 1EdTech (2022), QTI v3.0 Final Release Specification
A10: Base (infraestructura) | B10: Equipo completo | C10: Ítems que no atacan una brecha concreta pero sin los cuales el sistema no se sostiene: arquitectura, interfaz, seguridad, medición y cierre. | D10: Definición arquitectónica y de UX/UI previa a la programación, control de acceso por rol, tablero de indicadores y documentación de cierre. | E10: EN-001 Arquitectura EN-002 Modelo de datos HU-001 Sistema de diseño TA-001 Proyectos base EN-004 Línea base de tiempos DO-001 Demo del MVP | F10: HU-021 Tablero RN-001 Latencia RN-002 Disponibilidad RN-003 Seguridad DO-002 Piloto DO-003 a DO-006 Cierre | G10: Tiempo por recurso (I1); latencia (I11); disponibilidad (I13); seguridad (I14); usabilidad (I12); cumplimiento de sprint (I15). | H10: =SUMIFS('Sprint Backlog'!$J:$J,'Sprint Backlog'!$L:$L,A10) -> 48 | I10: Carta del proyecto
A11: Total | H11: =SUM(H5:H10) -> 148

Sheet Sprint Backlog
A1: Sprint Backlog integrado (Product Backlog + Entregables)
A2: Mismos ítems y estimaciones del documento Product Backlog oficial. Semanas expresadas en semanas del curso (4 a 15). Capacidad por sprint: 4 integrantes × 10 h × 4 semanas ÷ 2,5 h por punto ≈ 64 SP.
A4: Sprint | B4: Semana inicio | C4: Semana fin | D4: ID | E4: Tipo | F4: Épica | G4: Título corto | H4: Historia de usuario / descripción | I4: Criterios de aceptación | J4: SP | K4: Responsable | L4: Brecha asociada | M4: Dependencias | N4: Prioridad | O4: ¿Núcleo del MVP? | P4: Estado | Q4: Fuente
A5: Sprint 1 — MVP | B5: 4 | C5: 4 | D5: EN-001 | E5: Habilitador | F5: EP-001 · Arquitectura, contratos y sistema de diseño | G5: Documento de arquitectura del sistema | H5: Definir la arquitectura por capas con vistas de contexto, contenedores y componentes, para que los cuatro módulos se construyan sobre una misma estructura. | I5: - Vistas de contexto, contenedores y componentes documentadas. - Decisiones registradas como ADR numerados. - Revisado por el asesor antes de programar. | J5: 3 | K5: Sergio Celi | L5: Base (infraestructura) | M5: — | N5: Alta | O5: Sí | P5: Pendiente | Q5: Carta del proyecto
A6: Sprint 1 — MVP | B6: 4 | C6: 5 | D6: EN-002 | E6: Habilitador | F6: EP-001 · Arquitectura, contratos y sistema de diseño | G6: Modelo de datos relacional y vectorial | H6: Definir el modelo relacional y el esquema del índice vectorial para almacenar unidades, recursos, fragmentos y decisiones de revisión. | I6: - Diagrama entidad-relación aprobado. - Tabla de fragmentos con metadatos y columna de embedding. - Migraciones versionadas. | J6: 3 | K6: Yan Liu Dai | L6: Base (infraestructura) | M6: EN-001 | N6: Alta | O6: Sí | P6: Pendiente | Q6: Interno
A7: Sprint 1 — MVP | B7: 4 | C7: 5 | D7: EN-003 | E7: Habilitador | F7: EP-001 · Arquitectura, contratos y sistema de diseño | G7: Contratos JSON de generación por tipo de recurso | H7: Definir contratos JSON versionados de entrada y salida, con campos de trazabilidad y códigos de rechazo, para que la generación y la interfaz evolucionen sin romperse. | I7: - Esquema por tipo de recurso validado. - Campos de trazabilidad obligatorios. - Códigos de rechazo por evidencia insuficiente. | J7: 2 | K7: Yan Liu Dai | L7: B1 Anclaje y alucinación | M7: EN-001 | N7: Alta | O7: Sí | P7: Pendiente | Q7: Interno
A8: Sprint 1 — MVP | B8: 4 | C8: 5 | D8: EN-004 | E8: Habilitador | F8: EP-009 · Métricas, indicadores y evaluación | G8: Línea base manual de tiempos con docentes | H8: Cronometrar cuánto tarda hoy un docente en elaborar un recurso, para poder comparar después el flujo asistido. | I8: - Al menos tres docentes cronometrados. - Ficha de registro por recurso y por etapa. - Promedio y desviación documentados (indicador I1). | J8: 2 | K8: Juan Alegria | L8: Base (infraestructura) | M8: — | N8: Alta | O8: Sí | P8: Pendiente | Q8: Carta del proyecto
A9: Sprint 1 — MVP | B9: 4 | C9: 5 | D9: HU-001 | E9: Historia de usuario | F9: EP-001 · Arquitectura, contratos y sistema de diseño | G9: Sistema de diseño y prototipo navegable | H9: Como docente, quiero una interfaz con lenguaje visual consistente en todas las etapas, para no reaprender la herramienta en cada tipo de recurso. | I9: - Paleta, tipografía, espaciado y componentes documentados. - Prototipo navegable de los flujos principales. - Validado con al menos dos docentes. | J9: 5 | K9: Silvana Diaz | L9: Base (infraestructura) | M9: EN-001 | N9: Alta | O9: Sí | P9: Pendiente | Q9: Interno
A10: Sprint 1 — MVP | B10: 4 | C10: 5 | D10: SP-001 | E10: Spike | F10: EP-008 · Interoperabilidad y publicación en el LMS | G10: Spike: selección de los LMS objetivo | H10: Investigar qué plataformas de código abierto están vigentes y soportan el estándar, para fijar los LMS objetivo con evidencia y no por supuesto. | I10: - Entregable: matriz de compatibilidad con al menos tres LMS instalados. - Importación manual de un paquete QTI por plataforma. - Resultado por versión del estándar y actividad del repositorio. | J10: 3 | K10: Sergio Celi | L10: B4 Interoperabilidad de formatos | M10: — | N10: Alta | O10: Sí | P10: Pendiente | Q10: Carta del proyecto
A11: Sprint 1 — MVP | B11: 4 | C11: 5 | D11: SP-002 | E11: Spike | F11: EP-002 · Ingesta y base de conocimiento vectorial | G11: Spike: modelo de embeddings y motor vectorial | H11: Comparar modelos de embeddings multilingües y motores de base vectorial, para elegir los que mejor rinden en español dentro del presupuesto. | I11: - Entregable: comparativa de al menos dos modelos y dos motores. - Criterios: calidad en español, costo y latencia. - Recomendación argumentada y registrada como ADR. | J11: 3 | K11: Yan Liu Dai | L11: B1 Anclaje y alucinación | M11: EN-002 | N11: Alta | O11: Sí | P11: Pendiente | Q11: Chen et al. (2024)
A12: Sprint 1 — MVP | B12: 4 | C12: 5 | D12: TA-001 | E12: Tarea técnica | F12: EP-001 · Arquitectura, contratos y sistema de diseño | G12: Proyectos base de frontend y backend | H12: Crear los proyectos base con enrutamiento, autenticación por rol y manejo uniforme de errores, para no improvisar convenciones en cada módulo. | I12: - Endpoints de referencia funcionando. - Roles docente, estudiante y administrador. - Formato único de error y registro de auditoría. | J12: 2 | K12: Sergio Celi | L12: Base (infraestructura) | M12: EN-001 | N12: Alta | O12: Sí | P12: Pendiente | Q12: Interno
A13: Sprint 1 — MVP | B13: 5 | C13: 6 | D13: HU-002 | E13: Historia de usuario | F13: EP-002 · Ingesta y base de conocimiento vectorial | G13: Cargar material y extraer su texto | H13: Como docente, quiero cargar material en PDF, PPTX y texto y que el sistema extraiga su contenido conservando la referencia de página, para poder rastrear el origen de cada recurso. | I13: - Extracción con estructura (títulos, listas, tablas). - Referencia de página o diapositiva por fragmento. - Descarte de encabezados y pies repetidos. | J13: 5 | K13: Sergio Celi | L13: B4 Interoperabilidad de formatos | M13: EN-002 | N13: Alta | O13: Sí | P13: Pendiente | Q13: Interno
A14: Sprint 1 — MVP | B14: 5 | C14: 6 | D14: HU-003 | E14: Historia de usuario | F14: EP-002 · Ingesta y base de conocimiento vectorial | G14: Segmentar el material y etiquetar metadatos | H14: Como arquitecto de datos, quiero segmentar el material en fragmentos semánticos etiquetados por curso, unidad y resultado de aprendizaje, para acotar la recuperación al alcance definido. | I14: - Fragmentos de 300 a 600 tokens con solapamiento configurable. - Metadatos obligatorios por fragmento. - Etapa 5E sugerida como metadato editable. | J14: 2 | K14: Sergio Celi | L14: B4 Interoperabilidad de formatos | M14: HU-002 | N14: Alta | O14: Sí | P14: Pendiente | Q14: Interno
A15: Sprint 1 — MVP | B15: 5 | C15: 6 | D15: HU-004 | E15: Historia de usuario | F15: EP-002 · Ingesta y base de conocimiento vectorial | G15: Vectorizar e indexar de forma incremental | H15: Como arquitecto de datos, quiero vectorizar e indexar los fragmentos de forma incremental, para no reprocesar todo el corpus al agregar un documento. | I15: - Embeddings multilingües generados por lote. - Indexación incremental por unidad. - Caché para no recomputar fragmentos sin cambios. | J15: 5 | K15: Yan Liu Dai | L15: B1 Anclaje y alucinación | M15: SP-002, HU-003 | N15: Alta | O15: Sí | P15: Pendiente | Q15: Chen et al. (2024)
A16: Sprint 1 — MVP | B16: 6 | C16: 6 | D16: HU-005 | E16: Historia de usuario | F16: EP-003 · Recuperación y generación anclada (RAG) | G16: Recuperación híbrida con filtro por unidad | H16: Como sistema, quiero recuperar evidencia combinando búsqueda densa y léxica con filtrado por metadatos, para que la generación parta de los fragmentos pertinentes. | I16: - Fusión de resultados densos y BM25. - Filtro previo por unidad y etapa. - Top-k configurable. | J16: 3 | K16: Yan Liu Dai | L16: B1 Anclaje y alucinación | M16: HU-004 | N16: Alta | O16: Sí | P16: Pendiente | Q16: Lewis et al. (2020)
... A45: Cierre — Reporte y Capstone | B45: 15 | C45: 15 | D45: DO-006 | E45: Documentación | F45: EP-010 · Cierre y entrega final | G45: Presentación final del proyecto | H45: Preparar y ensayar la presentación final del proyecto de software. | I45: - Demostración en vivo del flujo 5E. - Ensayada por los cuatro integrantes. | J45: 2 | K45: Equipo completo | L45: Base (infraestructura) | M45: DO-005 | N45: Alta | O45: — | P45: Pendiente | Q45: Carta del proyecto
A47: Leyenda de tipos: EN = Habilitador · HU = Historia de usuario · SP = Spike · TA = Tarea técnica · RN = Requisito no funcional · DO = Documentación · BU = Defecto. El conjunto de evaluación de la recuperación (EN-005) se trasladó al inicio del Sprint 2 para no sobrecomprometer el Sprint 1.

Sheet Cronograma
A1: Cronograma semanal (Gantt) — se alimenta de la hoja «Sprint Backlog»
A2: Cada fila es un ítem del backlog; las celdas marcadas son las semanas en que ese ítem está activo. ■ planificado · ✔ hecho (cambia al marcar «Hecho» en la columna Estado).
D3: Sprint | E3: Sprint 1 | F3: Sprint 1 | G3: Sprint 1 | H3: Sprint 1 | I3: Sprint 2 | J3: Sprint 2 | K3: Sprint 2 | L3: Sprint 2 | M3: Cierre | N3: Cierre | O3: Cierre | P3: Cierre
D4: Fase carta | E4: Definir | F4: Medición | G4: Medición | H4: Análisis | I4: Mejora | J4: Mejora | K4: Mejora | L4: Control | M4: Cierre | N4: Cierre | O4: Cierre | P4: Cierre
A5: ID | B5: Título corto | C5: Responsable | D5: SP | E5: S4 | F5: S5 | G5: S6 | H5: S7 | I5: S8 | J5: S9 | K5: S10 | L5: S11 | M5: S12 | N5: S13 | O5: S14 | P5: S15
B6: =DATE(2026,9,14) -> 46279 | C6: Lunes de la semana 4: | D6: Inicio → | E6: =$B$6+0 -> 46279 | F6: =$B$6+7 -> 46286 | G6: =$B$6+14 -> 46293 | H6: =$B$6+21 -> 46300 | I6: =$B$6+28 -> 46307 | J6: =$B$6+35 -> 46314 | K6: =$B$6+42 -> 46321 | L6: =$B$6+49 -> 46328 | M6: =$B$6+56 -> 46335 | N6: =$B$6+63 -> 46342 | O6: =$B$6+70 -> 46349 | P6: =$B$6+77 -> 46356
A7: ='Sprint Backlog'!D5 -> EN-001 | B7: ='Sprint Backlog'!G5 -> Documento de arquitectura del sistema | C7: ='Sprint Backlog'!K5 -> Sergio Celi | D7: ='Sprint Backlog'!J5 -> 3 | E7: =IF(AND(4>='Sprint Backlog'!$B5,4<='Sprint Backlog'!$C5),IF('Sprint Backlog'!$P5="Hecho","✔","■"),"") -> ■ | F7: =IF(AND(5>='Sprint Backlog'!$B5,5<='Sprint Backlog'!$C5),IF('Sprint Backlog'!$P5="Hecho","✔","■"),"") | G7: =IF(AND(6>='Sprint Backlog'!$B5,6<='Sprint Backlog'!$C5),IF('Sprint Backlog'!$P5="Hecho","✔","■"),"") | H7: =IF(AND(7>='Sprint Backlog'!$B5,7<='Sprint Backlog'!$C5),IF('Sprint Backlog'!$P5="Hecho","✔","■"),"") | I7: =IF(AND(8>='Sprint Backlog'!$B5,8<='Sprint Backlog'!$C5),IF('Sprint Backlog'!$P5="Hecho","✔","■"),"") | J7: =IF(AND(9>='Sprint Backlog'!$B5,9<='Sprint Backlog'!$C5),IF('Sprint Backlog'!$P5="Hecho","✔","■"),"") | K7: =IF(AND(10>='Sprint Backlog'!$B5,10<='Sprint Backlog'!$C5),IF('Sprint Backlog'!$P5="Hecho","✔","■"),"") | L7: =IF(AND(11>='Sprint Backlog'!$B5,11<='Sprint Backlog'!$C5),IF('Sprint Backlog'!$P5="Hecho","✔","■"),"") | M7: =IF(AND(12>='Sprint Backlog'!$B5,12<='Sprint Backlog'!$C5),IF('Sprint Backlog'!$P5="Hecho","✔","■"),"") | N7: =IF(AND(13>='Sprint Backlog'!$B5,13<='Sprint Backlog'!$C5),IF('Sprint Backlog'!$P5="Hecho","✔","■"),"") | O7: =IF(AND(14>='Sprint Backlog'!$B5,14<='Sprint Backlog'!$C5),IF('Sprint Backlog'!$P5="Hecho","✔","■"),"") | P7: =IF(AND(15>='Sprint Backlog'!$B5,15<='Sprint Backlog'!$C5),IF('Sprint Backlog'!$P5="Hecho","✔","■"),"")
A8: ='Sprint Backlog'!D6 -> EN-002 | B8: ='Sprint Backlog'!G6 -> Modelo de datos relacional y vectorial | C8: ='Sprint Backlog'!K6 -> Yan Liu Dai | D8: ='Sprint Backlog'!J6 -> 3 | E8: =IF(AND(4>='Sprint Backlog'!$B6,4<='Sprint Backlog'!$C6),IF('Sprint Backlog'!$P6="Hecho","✔","■"),"") -> ■ | F8: =IF(AND(5>='Sprint Backlog'!$B6,5<='Sprint Backlog'!$C6),IF('Sprint Backlog'!$P6="Hecho","✔","■"),"") -> ■ | G8: =IF(AND(6>='Sprint Backlog'!$B6,6<='Sprint Backlog'!$C6),IF('Sprint Backlog'!$P6="Hecho","✔","■"),"") | H8: =IF(AND(7>='Sprint Backlog'!$B6,7<='Sprint Backlog'!$C6),IF('Sprint Backlog'!$P6="Hecho","✔","■"),"") | I8: =IF(AND(8>='Sprint Backlog'!$B6,8<='Sprint Backlog'!$C6),IF('Sprint Backlog'!$P6="Hecho","✔","■"),"") | J8: =IF(AND(9>='Sprint Backlog'!$B6,9<='Sprint Backlog'!$C6),IF('Sprint Backlog'!$P6="Hecho","✔","■"),"") | K8: =IF(AND(10>='Sprint Backlog'!$B6,10<='Sprint Backlog'!$C6),IF('Sprint Backlog'!$P6="Hecho","✔","■"),"") | L8: =IF(AND(11>='Sprint Backlog'!$B6,11<='Sprint Backlog'!$C6),IF('Sprint Backlog'!$P6="Hecho","✔","■"),"") | M8: =IF(AND(12>='Sprint Backlog'!$B6,12<='Sprint Backlog'!$C6),IF('Sprint Backlog'!$P6="Hecho","✔","■"),"") | N8: =IF(AND(13>='Sprint Backlog'!$B6,13<='Sprint Backlog'!$C6),IF('Sprint Backlog'!$P6="Hecho","✔","■"),"") | O8: =IF(AND(14>='Sprint Backlog'!$B6,14<='Sprint Backlog'!$C6),IF('Sprint Backlog'!$P6="Hecho","✔","■"),"") | P8: =IF(AND(15>='Sprint Backlog'!$B6,15<='Sprint Backlog'!$C6),IF('Sprint Backlog'!$P6="Hecho","✔","■"),"")
A9: ='Sprint Backlog'!D7 -> EN-003 | B9: ='Sprint Backlog'!G7 -> Contratos JSON de generación por tipo de recurso | C9: ='Sprint Backlog'!K7 -> Yan Liu Dai | D9: ='Sprint Backlog'!J7 -> 2 | E9: =IF(AND(4>='Sprint Backlog'!$B7,4<='Sprint Backlog'!$C7),IF('Sprint Backlog'!$P7="Hecho","✔","■"),"") -> ■ | F9: =IF(AND(5>='Sprint Backlog'!$B7,5<='Sprint Backlog'!$C7),IF('Sprint Backlog'!$P7="Hecho","✔","■"),"") -> ■ | G9: =IF(AND(6>='Sprint Backlog'!$B7,6<='Sprint Backlog'!$C7),IF('Sprint Backlog'!$P7="Hecho","✔","■"),"") | H9: =IF(AND(7>='Sprint Backlog'!$B7,7<='Sprint Backlog'!$C7),IF('Sprint Backlog'!$P7="Hecho","✔","■"),"") | I9: =IF(AND(8>='Sprint Backlog'!$B7,8<='Sprint Backlog'!$C7),IF('Sprint Backlog'!$P7="Hecho","✔","■"),"") | J9: =IF(AND(9>='Sprint Backlog'!$B7,9<='Sprint Backlog'!$C7),IF('Sprint Backlog'!$P7="Hecho","✔","■"),"") | K9: =IF(AND(10>='Sprint Backlog'!$B7,10<='Sprint Backlog'!$C7),IF('Sprint Backlog'!$P7="Hecho","✔","■"),"") | L9: =IF(AND(11>='Sprint Backlog'!$B7,11<='Sprint Backlog'!$C7),IF('Sprint Backlog'!$P7="Hecho","✔","■"),"") | M9: =IF(AND(12>='Sprint Backlog'!$B7,12<='Sprint Backlog'!$C7),IF('Sprint Backlog'!$P7="Hecho","✔","■"),"") | N9: =IF(AND(13>='Sprint Backlog'!$B7,13<='Sprint Backlog'!$C7),IF('Sprint Backlog'!$P7="Hecho","✔","■"),"") | O9: =IF(AND(14>='Sprint Backlog'!$B7,14<='Sprint Backlog'!$C7),IF('Sprint Backlog'!$P7="Hecho","✔","■"),"") | P9: =IF(AND(15>='Sprint Backlog'!$B7,15<='Sprint Backlog'!$C7),IF('Sprint Backlog'!$P7="Hecho","✔","■"),"")
A10: ='Sprint Backlog'!D8 -> EN-004 | B10: ='Sprint Backlog'!G8 -> Línea base manual de tiempos con docentes | C10: ='Sprint Backlog'!K8 -> Juan Alegria | D10: ='Sprint Backlog'!J8 -> 2 | E10: =IF(AND(4>='Sprint Backlog'!$B8,4<='Sprint Backlog'!$C8),IF('Sprint Backlog'!$P8="Hecho","✔","■"),"") -> ■ | F10: =IF(AND(5>='Sprint Backlog'!$B8,5<='Sprint Backlog'!$C8),IF('Sprint Backlog'!$P8="Hecho","✔","■"),"") -> ■ | G10: =IF(AND(6>='Sprint Backlog'!$B8,6<='Sprint Backlog'!$C8),IF('Sprint Backlog'!$P8="Hecho","✔","■"),"") | H10: =IF(AND(7>='Sprint Backlog'!$B8,7<='Sprint Backlog'!$C8),IF('Sprint Backlog'!$P8="Hecho","✔","■"),"") | I10: =IF(AND(8>='Sprint Backlog'!$B8,8<='Sprint Backlog'!$C8),IF('Sprint Backlog'!$P8="Hecho","✔","■"),"") | J10: =IF(AND(9>='Sprint Backlog'!$B8,9<='Sprint Backlog'!$C8),IF('Sprint Backlog'!$P8="Hecho","✔","■"),"") | K10: =IF(AND(10>='Sprint Backlog'!$B8,10<='Sprint Backlog'!$C8),IF('Sprint Backlog'!$P8="Hecho","✔","■"),"") | L10: =IF(AND(11>='Sprint Backlog'!$B8,11<='Sprint Backlog'!$C8),IF('Sprint Backlog'!$P8="Hecho","✔","■"),"") | M10: =IF(AND(12>='Sprint Backlog'!$B8,12<='Sprint Backlog'!$C8),IF('Sprint Backlog'!$P8="Hecho","✔","■"),"") | N10: =IF(AND(13>='Sprint Backlog'!$B8,13<='Sprint Backlog'!$C8),IF('Sprint Backlog'!$P8="Hecho","✔","■"),"") | O10: =IF(AND(14>='Sprint Backlog'!$B8,14<='Sprint Backlog'!$C8),IF('Sprint Backlog'!$P8="Hecho","✔","■"),"") | P10: =IF(AND(15>='Sprint Backlog'!$B8,15<='Sprint Backlog'!$C8),IF('Sprint Backlog'!$P8="Hecho","✔","■"),"")
A11: ='Sprint Backlog'!D9 -> HU-001 | B11: ='Sprint Backlog'!G9 -> Sistema de diseño y prototipo navegable | C11: ='Sprint Backlog'!K9 -> Silvana Diaz | D11: ='Sprint Backlog'!J9 -> 5 | E11: =IF(AND(4>='Sprint Backlog'!$B9,4<='Sprint Backlog'!$C9),IF('Sprint Backlog'!$P9="Hecho","✔","■"),"") -> ■ | F11: =IF(AND(5>='Sprint Backlog'!$B9,5<='Sprint Backlog'!$C9),IF('Sprint Backlog'!$P9="Hecho","✔","■"),"") -> ■ | G11: =IF(AND(6>='Sprint Backlog'!$B9,6<='Sprint Backlog'!$C9),IF('Sprint Backlog'!$P9="Hecho","✔","■"),"") | H11: =IF(AND(7>='Sprint Backlog'!$B9,7<='Sprint Backlog'!$C9),IF('Sprint Backlog'!$P9="Hecho","✔","■"),"") | I11: =IF(AND(8>='Sprint Backlog'!$B9,8<='Sprint Backlog'!$C9),IF('Sprint Backlog'!$P9="Hecho","✔","■"),"") | J11: =IF(AND(9>='Sprint Backlog'!$B9,9<='Sprint Backlog'!$C9),IF('Sprint Backlog'!$P9="Hecho","✔","■"),"") | K11: =IF(AND(10>='Sprint Backlog'!$B9,10<='Sprint Backlog'!$C9),IF('Sprint Backlog'!$P9="Hecho","✔","■"),"") | L11: =IF(AND(11>='Sprint Backlog'!$B9,11<='Sprint Backlog'!$C9),IF('Sprint Backlog'!$P9="Hecho","✔","■"),"") | M11: =IF(AND(12>='Sprint Backlog'!$B9,12<='Sprint Backlog'!$C9),IF('Sprint Backlog'!$P9="Hecho","✔","■"),"") | N11: =IF(AND(13>='Sprint Backlog'!$B9,13<='Sprint Backlog'!$C9),IF('Sprint Backlog'!$P9="Hecho","✔","■"),"") | O11: =IF(AND(14>='Sprint Backlog'!$B9,14<='Sprint Backlog'!$C9),IF('Sprint Backlog'!$P9="Hecho","✔","■"),"") | P11: =IF(AND(15>='Sprint Backlog'!$B9,15<='Sprint Backlog'!$C9),IF('Sprint Backlog'!$P9="Hecho","✔","■"),"")
A12: ='Sprint Backlog'!D10 -> SP-001 | B12: ='Sprint Backlog'!G10 -> Spike: selección de los LMS objetivo | C12: ='Sprint Backlog'!K10 -> Sergio Celi | D12: ='Sprint Backlog'!J10 -> 3 | E12: =IF(AND(4>='Sprint Backlog'!$B10,4<='Sprint Backlog'!$C10),IF('Sprint Backlog'!$P10="Hecho","✔","■"),"") -> ■ | F12: =IF(AND(5>='Sprint Backlog'!$B10,5<='Sprint Backlog'!$C10),IF('Sprint Backlog'!$P10="Hecho","✔","■"),"") -> ■ | G12: =IF(AND(6>='Sprint Backlog'!$B10,6<='Sprint Backlog'!$C10),IF('Sprint Backlog'!$P10="Hecho","✔","■"),"") | H12: =IF(AND(7>='Sprint Backlog'!$B10,7<='Sprint Backlog'!$C10),IF('Sprint Backlog'!$P10="Hecho","✔","■"),"") | I12: =IF(AND(8>='Sprint Backlog'!$B10,8<='Sprint Backlog'!$C10),IF('Sprint Backlog'!$P10="Hecho","✔","■"),"") | J12: =IF(AND(9>='Sprint Backlog'!$B10,9<='Sprint Backlog'!$C10),IF('Sprint Backlog'!$P10="Hecho","✔","■"),"") | K12: =IF(AND(10>='Sprint Backlog'!$B10,10<='Sprint Backlog'!$C10),IF('Sprint Backlog'!$P10="Hecho","✔","■"),"") | L12: =IF(AND(11>='Sprint Backlog'!$B10,11<='Sprint Backlog'!$C10),IF('Sprint Backlog'!$P10="Hecho","✔","■"),"") | M12: =IF(AND(12>='Sprint Backlog'!$B10,12<='Sprint Backlog'!$C10),IF('Sprint Backlog'!$P10="Hecho","✔","■"),"") | N12: =IF(AND(13>='Sprint Backlog'!$B10,13<='Sprint Backlog'!$C10),IF('Sprint Backlog'!$P10="Hecho","✔","■"),"") | O12: =IF(AND(14>='Sprint Backlog'!$B10,14<='Sprint Backlog'!$C10),IF('Sprint Backlog'!$P10="Hecho","✔","■"),"") | P12: =IF(AND(15>='Sprint Backlog'!$B10,15<='Sprint Backlog'!$C10),IF('Sprint Backlog'!$P10="Hecho","✔","■"),"")
A13: ='Sprint Backlog'!D11 -> SP-002 | B13: ='Sprint Backlog'!G11 -> Spike: modelo de embeddings y motor vectorial | C13: ='Sprint Backlog'!K11 -> Yan Liu Dai | D13: ='Sprint Backlog'!J11 -> 3 | E13: =IF(AND(4>='Sprint Backlog'!$B11,4<='Sprint Backlog'!$C11),IF('Sprint Backlog'!$P11="Hecho","✔","■"),"") -> ■ | F13: =IF(AND(5>='Sprint Backlog'!$B11,5<='Sprint Backlog'!$C11),IF('Sprint Backlog'!$P11="Hecho","✔","■"),"") -> ■ | G13: =IF(AND(6>='Sprint Backlog'!$B11,6<='Sprint Backlog'!$C11),IF('Sprint Backlog'!$P11="Hecho","✔","■"),"") | H13: =IF(AND(7>='Sprint Backlog'!$B11,7<='Sprint Backlog'!$C11),IF('Sprint Backlog'!$P11="Hecho","✔","■"),"") | I13: =IF(AND(8>='Sprint Backlog'!$B11,8<='Sprint Backlog'!$C11),IF('Sprint Backlog'!$P11="Hecho","✔","■"),"") | J13: =IF(AND(9>='Sprint Backlog'!$B11,9<='Sprint Backlog'!$C11),IF('Sprint Backlog'!$P11="Hecho","✔","■"),"") | K13: =IF(AND(10>='Sprint Backlog'!$B11,10<='Sprint Backlog'!$C11),IF('Sprint Backlog'!$P11="Hecho","✔","■"),"") | L13: =IF(AND(11>='Sprint Backlog'!$B11,11<='Sprint Backlog'!$C11),IF('Sprint Backlog'!$P11="Hecho","✔","■"),"") | M13: =IF(AND(12>='Sprint Backlog'!$B11,12<='Sprint Backlog'!$C11),IF('Sprint Backlog'!$P11="Hecho","✔","■"),"") | N13: =IF(AND(13>='Sprint Backlog'!$B11,13<='Sprint Backlog'!$C11),IF('Sprint Backlog'!$P11="Hecho","✔","■"),"") | O13: =IF(AND(14>='Sprint Backlog'!$B11,14<='Sprint Backlog'!$C11),IF('Sprint Backlog'!$P11="Hecho","✔","■"),"") | P13: =IF(AND(15>='Sprint Backlog'!$B11,15<='Sprint Backlog'!$C11),IF('Sprint Backlog'!$P11="Hecho","✔","■"),"")
A14: ='Sprint Backlog'!D12 -> TA-001 | B14: ='Sprint Backlog'!G12 -> Proyectos base de frontend y backend | C14: ='Sprint Backlog'!K12 -> Sergio Celi | D14: ='Sprint Backlog'!J12 -> 2 | E14: =IF(AND(4>='Sprint Backlog'!$B12,4<='Sprint Backlog'!$C12),IF('Sprint Backlog'!$P12="Hecho","✔","■"),"") -> ■ | F14: =IF(AND(5>='Sprint Backlog'!$B12,5<='Sprint Backlog'!$C12),IF('Sprint Backlog'!$P12="Hecho","✔","■"),"") -> ■ | G14: =IF(AND(6>='Sprint Backlog'!$B12,6<='Sprint Backlog'!$C12),IF('Sprint Backlog'!$P12="Hecho","✔","■"),"") | H14: =IF(AND(7>='Sprint Backlog'!$B12,7<='Sprint Backlog'!$C12),IF('Sprint Backlog'!$P12="Hecho","✔","■"),"") | I14: =IF(AND(8>='Sprint Backlog'!$B12,8<='Sprint Backlog'!$C12),IF('Sprint Backlog'!$P12="Hecho","✔","■"),"") | J14: =IF(AND(9>='Sprint Backlog'!$B12,9<='Sprint Backlog'!$C12),IF('Sprint Backlog'!$P12="Hecho","✔","■"),"") | K14: =IF(AND(10>='Sprint Backlog'!$B12,10<='Sprint Backlog'!$C12),IF('Sprint Backlog'!$P12="Hecho","✔","■"),"") | L14: =IF(AND(11>='Sprint Backlog'!$B12,11<='Sprint Backlog'!$C12),IF('Sprint Backlog'!$P12="Hecho","✔","■"),"") | M14: =IF(AND(12>='Sprint Backlog'!$B12,12<='Sprint Backlog'!$C12),IF('Sprint Backlog'!$P12="Hecho","✔","■"),"") | N14: =IF(AND(13>='Sprint Backlog'!$B12,13<='Sprint Backlog'!$C12),IF('Sprint Backlog'!$P12="Hecho","✔","■"),"") | O14: =IF(AND(14>='Sprint Backlog'!$B12,14<='Sprint Backlog'!$C12),IF('Sprint Backlog'!$P12="Hecho","✔","■"),"") | P14: =IF(AND(15>='Sprint Backlog'!$B12,15<='Sprint Backlog'!$C12),IF('Sprint Backlog'!$P12="Hecho","✔","■"),"")
A15: ='Sprint Backlog'!D13 -> HU-002 | B15: ='Sprint Backlog'!G13 -> Cargar material y extraer su texto | C15: ='Sprint Backlog'!K13 -> Sergio Celi | D15: ='Sprint Backlog'!J13 -> 5 | E15: =IF(AND(4>='Sprint Backlog'!$B13,4<='Sprint Backlog'!$C13),IF('Sprint Backlog'!$P13="Hecho","✔","■"),"") | F15: =IF(AND(5>='Sprint Backlog'!$B13,5<='Sprint Backlog'!$C13),IF('Sprint Backlog'!$P13="Hecho","✔","■"),"") -> ■ | G15: =IF(AND(6>='Sprint Backlog'!$B13,6<='Sprint Backlog'!$C13),IF('Sprint Backlog'!$P13="Hecho","✔","■"),"") -> ■ | H15: =IF(AND(7>='Sprint Backlog'!$B13,7<='Sprint Backlog'!$C13),IF('Sprint Backlog'!$P13="Hecho","✔","■"),"") | I15: =IF(AND(8>='Sprint Backlog'!$B13,8<='Sprint Backlog'!$C13),IF('Sprint Backlog'!$P13="Hecho","✔","■"),"") | J15: =IF(AND(9>='Sprint Backlog'!$B13,9<='Sprint Backlog'!$C13),IF('Sprint Backlog'!$P13="Hecho","✔","■"),"") | K15: =IF(AND(10>='Sprint Backlog'!$B13,10<='Sprint Backlog'!$C13),IF('Sprint Backlog'!$P13="Hecho","✔","■"),"") | L15: =IF(AND(11>='Sprint Backlog'!$B13,11<='Sprint Backlog'!$C13),IF('Sprint Backlog'!$P13="Hecho","✔","■"),"") | M15: =IF(AND(12>='Sprint Backlog'!$B13,12<='Sprint Backlog'!$C13),IF('Sprint Backlog'!$P13="Hecho","✔","■"),"") | N15: =IF(AND(13>='Sprint Backlog'!$B13,13<='Sprint Backlog'!$C13),IF('Sprint Backlog'!$P13="Hecho","✔","■"),"") | O15: =IF(AND(14>='Sprint Backlog'!$B13,14<='Sprint Backlog'!$C13),IF('Sprint Backlog'!$P13="Hecho","✔","■"),"") | P15: =IF(AND(15>='Sprint Backlog'!$B13,15<='Sprint Backlog'!$C13),IF('Sprint Backlog'!$P13="Hecho","✔","■"),"")
A16: ='Sprint Backlog'!D14 -> HU-003 | B16: ='Sprint Backlog'!G14 -> Segmentar el material y etiquetar metadatos | C16: ='Sprint Backlog'!K14 -> Sergio Celi | D16: ='Sprint Backlog'!J14 -> 2 | E16: =IF(AND(4>='Sprint Backlog'!$B14,4<='Sprint Backlog'!$C14),IF('Sprint Backlog'!$P14="Hecho","✔","■"),"") | F16: =IF(AND(5>='Sprint Backlog'!$B14,5<='Sprint Backlog'!$C14),IF('Sprint Backlog'!$P14="Hecho","✔","■"),"") -> ■ | G16: =IF(AND(6>='Sprint Backlog'!$B14,6<='Sprint Backlog'!$C14),IF('Sprint Backlog'!$P14="Hecho","✔","■"),"") -> ■ | H16: =IF(AND(7>='Sprint Backlog'!$B14,7<='Sprint Backlog'!$C14),IF('Sprint Backlog'!$P14="Hecho","✔","■"),"") | I16: =IF(AND(8>='Sprint Backlog'!$B14,8<='Sprint Backlog'!$C14),IF('Sprint Backlog'!$P14="Hecho","✔","■"),"") | J16: =IF(AND(9>='Sprint Backlog'!$B14,9<='Sprint Backlog'!$C14),IF('Sprint Backlog'!$P14="Hecho","✔","■"),"") | K16: =IF(AND(10>='Sprint Backlog'!$B14,10<='Sprint Backlog'!$C14),IF('Sprint Backlog'!$P14="Hecho","✔","■"),"") | L16: =IF(AND(11>='Sprint Backlog'!$B14,11<='Sprint Backlog'!$C14),IF('Sprint Backlog'!$P14="Hecho","✔","■"),"") | M16: =IF(AND(12>='Sprint Backlog'!$B14,12<='Sprint Backlog'!$C14),IF('Sprint Backlog'!$P14="Hecho","✔","■"),"") | N16: =IF(AND(13>='Sprint Backlog'!$B14,13<='Sprint Backlog'!$C14),IF('Sprint Backlog'!$P14="Hecho","✔","■"),"") | O16: =IF(AND(14>='Sprint Backlog'!$B14,14<='Sprint Backlog'!$C14),IF('Sprint Backlog'!$P14="Hecho","✔","■"),"") | P16: =IF(AND(15>='Sprint Backlog'!$B14,15<='Sprint Backlog'!$C14),IF('Sprint Backlog'!$P14="Hecho","✔","■"),"")
A17: ='Sprint Backlog'!D15 -> HU-004 | B17: ='Sprint Backlog'!G15 -> Vectorizar e indexar de forma incremental | C17: ='Sprint Backlog'!K15 -> Yan Liu Dai | D17: ='Sprint Backlog'!J15 -> 5 | E17: =IF(AND(4>='Sprint Backlog'!$B15,4<='Sprint Backlog'!$C15),IF('Sprint Backlog'!$P15="Hecho","✔","■"),"") | F17: =IF(AND(5>='Sprint Backlog'!$B15,5<='Sprint Backlog'!$C15),IF('Sprint Backlog'!$P15="Hecho","✔","■"),"") -> ■ | G17: =IF(AND(6>='Sprint Backlog'!$B15,6<='Sprint Backlog'!$C15),IF('Sprint Backlog'!$P15="Hecho","✔","■"),"") -> ■ | H17: =IF(AND(7>='Sprint Backlog'!$B15,7<='Sprint Backlog'!$C15),IF('Sprint Backlog'!$P15="Hecho","✔","■"),"") | I17: =IF(AND(8>='Sprint Backlog'!$B15,8<='Sprint Backlog'!$C15),IF('Sprint Backlog'!$P15="Hecho","✔","■"),"") | J17: =IF(AND(9>='Sprint Backlog'!$B15,9<='Sprint Backlog'!$C15),IF('Sprint Backlog'!$P15="Hecho","✔","■"),"") | K17: =IF(AND(10>='Sprint Backlog'!$B15,10<='Sprint Backlog'!$C15),IF('Sprint Backlog'!$P15="Hecho","✔","■"),"") | L17: =IF(AND(11>='Sprint Backlog'!$B15,11<='Sprint Backlog'!$C15),IF('Sprint Backlog'!$P15="Hecho","✔","■"),"") | M17: =IF(AND(12>='Sprint Backlog'!$B15,12<='Sprint Backlog'!$C15),IF('Sprint Backlog'!$P15="Hecho","✔","■"),"") | N17: =IF(AND(13>='Sprint Backlog'!$B15,13<='Sprint Backlog'!$C15),IF('Sprint Backlog'!$P15="Hecho","✔","■"),"") | O17: =IF(AND(14>='Sprint Backlog'!$B15,14<='Sprint Backlog'!$C15),IF('Sprint Backlog'!$P15="Hecho","✔","■"),"") | P17: =IF(AND(15>='Sprint Backlog'!$B15,15<='Sprint Backlog'!$C15),IF('Sprint Backlog'!$P15="Hecho","✔","■"),"")
A18: ='Sprint Backlog'!D16 -> HU-005 | B18: ='Sprint Backlog'!G16 -> Recuperación híbrida con filtro por unidad | C18: ='Sprint Backlog'!K16 -> Yan Liu Dai | D18: ='Sprint Backlog'!J16 -> 3 | E18: =IF(AND(4>='Sprint Backlog'!$B16,4<='Sprint Backlog'!$C16),IF('Sprint Backlog'!$P16="Hecho","✔","■"),"") | F18: =IF(AND(5>='Sprint Backlog'!$B16,5<='Sprint Backlog'!$C16),IF('Sprint Backlog'!$P16="Hecho","✔","■"),"") | G18: =IF(AND(6>='Sprint Backlog'!$B16,6<='Sprint Backlog'!$C16),IF('Sprint Backlog'!$P16="Hecho","✔","■"),"") -> ■ | H18: =IF(AND(7>='Sprint Backlog'!$B16,7<='Sprint Backlog'!$C16),IF('Sprint Backlog'!$P16="Hecho","✔","■"),"") | I18: =IF(AND(8>='Sprint Backlog'!$B16,8<='Sprint Backlog'!$C16),IF('Sprint Backlog'!$P16="Hecho","✔","■"),"") | J18: =IF(AND(9>='Sprint Backlog'!$B16,9<='Sprint Backlog'!$C16),IF('Sprint Backlog'!$P16="Hecho","✔","■"),"") | K18: =IF(AND(10>='Sprint Backlog'!$B16,10<='Sprint Backlog'!$C16),IF('Sprint Backlog'!$P16="Hecho","✔","■"),"") | L18: =IF(AND(11>='Sprint Backlog'!$B16,11<='Sprint Backlog'!$C16),IF('Sprint Backlog'!$P16="Hecho","✔","■"),"") | M18: =IF(AND(12>='Sprint Backlog'!$B16,12<='Sprint Backlog'!$C16),IF('Sprint Backlog'!$P16="Hecho","✔","■"),"") | N18: =IF(AND(13>='Sprint Backlog'!$B16,13<='Sprint Backlog'!$C16),IF('Sprint Backlog'!$P16="Hecho","✔","■"),"") | O18: =IF(AND(14>='Sprint Backlog'!$B16,14<='Sprint Backlog'!$C16),IF('Sprint Backlog'!$P16="Hecho","✔","■"),"") | P18: =IF(AND(15>='Sprint Backlog'!$B16,15<='Sprint Backlog'!$C16),IF('Sprint Backlog'!$P16="Hecho","✔","■"),"")
... A47: ='Sprint Backlog'!D45 -> DO-006 | B47: ='Sprint Backlog'!G45 -> Presentación final del proyecto | C47: ='Sprint Backlog'!K45 -> Equipo completo | D47: ='Sprint Backlog'!J45 -> 2 | E47: =IF(AND(4>='Sprint Backlog'!$B45,4<='Sprint Backlog'!$C45),IF('Sprint Backlog'!$P45="Hecho","✔","■"),"") | F47: =IF(AND(5>='Sprint Backlog'!$B45,5<='Sprint Backlog'!$C45),IF('Sprint Backlog'!$P45="Hecho","✔","■"),"") | G47: =IF(AND(6>='Sprint Backlog'!$B45,6<='Sprint Backlog'!$C45),IF('Sprint Backlog'!$P45="Hecho","✔","■"),"") | H47: =IF(AND(7>='Sprint Backlog'!$B45,7<='Sprint Backlog'!$C45),IF('Sprint Backlog'!$P45="Hecho","✔","■"),"") | I47: =IF(AND(8>='Sprint Backlog'!$B45,8<='Sprint Backlog'!$C45),IF('Sprint Backlog'!$P45="Hecho","✔","■"),"") | J47: =IF(AND(9>='Sprint Backlog'!$B45,9<='Sprint Backlog'!$C45),IF('Sprint Backlog'!$P45="Hecho","✔","■"),"") | K47: =IF(AND(10>='Sprint Backlog'!$B45,10<='Sprint Backlog'!$C45),IF('Sprint Backlog'!$P45="Hecho","✔","■"),"") | L47: =IF(AND(11>='Sprint Backlog'!$B45,11<='Sprint Backlog'!$C45),IF('Sprint Backlog'!$P45="Hecho","✔","■"),"") | M47: =IF(AND(12>='Sprint Backlog'!$B45,12<='Sprint Backlog'!$C45),IF('Sprint Backlog'!$P45="Hecho","✔","■"),"") | N47: =IF(AND(13>='Sprint Backlog'!$B45,13<='Sprint Backlog'!$C45),IF('Sprint Backlog'!$P45="Hecho","✔","■"),"") | O47: =IF(AND(14>='Sprint Backlog'!$B45,14<='Sprint Backlog'!$C45),IF('Sprint Backlog'!$P45="Hecho","✔","■"),"") | P47: =IF(AND(15>='Sprint Backlog'!$B45,15<='Sprint Backlog'!$C45),IF('Sprint Backlog'!$P45="Hecho","✔","■"),"") -> ■
C48: SP activos por semana | D48: =SUM(D7:D47) -> 148 | E48: =SUMIFS('Sprint Backlog'!$J:$J,'Sprint Backlog'!$B:$B,"<="&4,'Sprint Backlog'!$C:$C,">="&4) -> 23 | F48: =SUMIFS('Sprint Backlog'!$J:$J,'Sprint Backlog'!$B:$B,"<="&5,'Sprint Backlog'!$C:$C,">="&5) -> 32 | G48: =SUMIFS('Sprint Backlog'!$J:$J,'Sprint Backlog'!$B:$B,"<="&6,'Sprint Backlog'!$C:$C,">="&6) -> 40 | H48: =SUMIFS('Sprint Backlog'!$J:$J,'Sprint Backlog'!$B:$B,"<="&7,'Sprint Backlog'!$C:$C,">="&7) -> 27 | I48: =SUMIFS('Sprint Backlog'!$J:$J,'Sprint Backlog'!$B:$B,"<="&8,'Sprint Backlog'!$C:$C,">="&8) -> 28 | J48: =SUMIFS('Sprint Backlog'!$J:$J,'Sprint Backlog'!$B:$B,"<="&9,'Sprint Backlog'!$C:$C,">="&9) -> 36 | K48: =SUMIFS('Sprint Backlog'!$J:$J,'Sprint Backlog'!$B:$B,"<="&10,'Sprint Backlog'!$C:$C,">="&10) -> 34 | L48: =SUMIFS('Sprint Backlog'!$J:$J,'Sprint Backlog'!$B:$B,"<="&11,'Sprint Backlog'!$C:$C,">="&11) -> 23 | M48: =SUMIFS('Sprint Backlog'!$J:$J,'Sprint Backlog'!$B:$B,"<="&12,'Sprint Backlog'!$C:$C,">="&12) -> 8 | N48: =SUMIFS('Sprint Backlog'!$J:$J,'Sprint Backlog'!$B:$B,"<="&13,'Sprint Backlog'!$C:$C,">="&13) -> 11 | O48: =SUMIFS('Sprint Backlog'!$J:$J,'Sprint Backlog'!$B:$B,"<="&14,'Sprint Backlog'!$C:$C,">="&14) -> 3 | P48: =SUMIFS('Sprint Backlog'!$J:$J,'Sprint Backlog'!$B:$B,"<="&15,'Sprint Backlog'!$C:$C,">="&15) -> 2
A50: Capacidad y compromiso por sprint
A51: Sprint | B51: Semanas | C51: Capacidad (SP) | D51: Planificado (SP) | E51: Compromiso (SP) | F51: Observación
A52: Sprint 1 — MVP | B52: 4 a 7 | C52: 64 | D52: =SUMIFS('Sprint Backlog'!$J:$J,'Sprint Backlog'!$A:$A,"Sprint 1 — MVP") -> 65 | E52: =SUMIFS('Sprint Backlog'!$J:$J,'Sprint Backlog'!$A:$A,"Sprint 1 — MVP") -> 65 | F52: Todo el Sprint 1 es Must Have: se compromete completo.
A53: Sprint 2 — Producto final | B53: 8 a 11 | C53: 64 | D53: =SUMIFS('Sprint Backlog'!$J:$J,'Sprint Backlog'!$A:$A,"Sprint 2 — Producto final") -> 70 | E53: =SUMIFS('Sprint Backlog'!$J:$J,'Sprint Backlog'!$A:$A,"Sprint 2 — Producto final")-8 -> 62 | F53: Se comprometen las Must y Should; HU-012 (5 SP) y HU-017 (3 SP) son Could Have y quedan como colchón.
A54: Cierre | B54: 12 a 15 | C54: 64 | D54: =SUMIFS('Sprint Backlog'!$J:$J,'Sprint Backlog'!$A:$A,"Cierre — Reporte y Capstone") -> 13 | E54: =SUMIFS('Sprint Backlog'!$J:$J,'Sprint Backlog'!$A:$A,"Cierre — Reporte y Capstone") -> 13 | F54: Documentación, Capstone y presentación; sin desarrollo nuevo.

Sheet Dedicación
A1: Registro de dedicación semanal (10 horas por integrante)
A2: Compromiso del equipo: 10 horas semanales por integrante, 40 horas de equipo por semana. Escriba las horas efectivamente trabajadas en las celdas azules; los totales se calculan solos.
A4: Semana del curso | B4: Fechas | C4: Foco de la semana | D4: Juan Alegria | E4: Silvana Diaz | F4: Yan Liu Dai | G4: Sergio Celi | H4: Total equipo | I4: Evidencias (enlaces)
A5: 1 | B5: 24–30/08 | C5: Inception: brechas, métricas y objetivos | D5: 10 | E5: 10 | F5: 10 | G5: 10 | H5: =SUM(D5:G5) -> 40
A6: 2 | B6: 31/08–06/09 | C6: Product Discovery: indicadores y estado del arte | D6: 10 | E6: 10 | F6: 10 | G6: 10 | H6: =SUM(D6:G6) -> 40
A7: 3 | B7: 07–13/09 | C7: Kick-off y Project Charter | D7: 10 | E7: 10 | F7: 10 | G7: 10 | H7: =SUM(D7:G7) -> 40
A8: 4 | B8: 14–20/09 | C8: Sprint Planning, backlog priorizado y prototipo | D8: 10 | E8: 10 | F8: 10 | G8: 10 | H8: =SUM(D8:G8) -> 40
A9: 5 | B9: 21–27/09 | C9: Sprint 1 · it. 1: arquitectura, datos, UX/UI, spikes y línea base | D9: 10 | E9: 10 | F9: 10 | G9: 10 | H9: =SUM(D9:G9) -> 40
A10: 6 | B10: 28/09–04/10 | C10: Sprint 1 · it. 1: ingesta, segmentación y vectorización | D10: 10 | E10: 10 | F10: 10 | G10: 10 | H10: =SUM(D10:G10) -> 40
A11: 7 | B11: 05–11/10 | C11: Sprint 1 · it. 2: recuperación, generación anclada y etapa Evaluate | D11: 10 | E11: 10 | F11: 10 | G11: 10 | H11: =SUM(D11:G11) -> 40
A12: 8 | B12: 12–18/10 | C12: Sprint Review 1, planificación del Sprint 2 y conjunto de evaluación | D12: 10 | E12: 10 | F12: 10 | G12: 10 | H12: =SUM(D12:G12) -> 40
A13: 9 | B13: 19–25/10 | C13: Sprint 2 · it. 1: etapas 5E y orquestador | D13: 10 | E13: 10 | F13: 10 | G13: 10 | H13: =SUM(D13:G13) -> 40
A14: 10 | B14: 26/10–01/11 | C14: Sprint 2 · it. 2: exportador, analítica y no funcionales | D14: 10 | E14: 10 | F14: 10 | G14: 10 | H14: =SUM(D14:G14) -> 40
A15: 11 | B15: 02–08/11 | C15: Sprint Review 2 y piloto con docentes y estudiantes | D15: 10 | E15: 10 | F15: 10 | G15: 10 | H15: =SUM(D15:G15) -> 40
A16: 12 | B16: 09–15/11 | C16: Análisis de resultados y reporte técnico | D16: 10 | E16: 10 | F16: 10 | G16: 10 | H16: =SUM(D16:G16) -> 40
... A19: 15 | B19: 30/11–06/12 | C19: Presentación final | D19: 10 | E19: 10 | F19: 10 | G19: 10 | H19: =SUM(D19:G19) -> 40
A20: Total | C20: Horas acumuladas del ciclo | D20: =SUM(D5:D19) -> 150 | E20: =SUM(E5:E19) -> 150 | F20: =SUM(F5:F19) -> 150 | G20: =SUM(G5:G19) -> 150 | H20: =SUM(H5:H19) -> 600
A22: Celdas azules: horas a registrar cada semana (valor inicial 10 h, el compromiso del equipo). Ejemplo de evidencia: enlace al commit, al documento entregado o al acta de la reunión.
